分类,标题,RSS/Atom 订阅地址,网站主页,类型,状态,备注
学术期刊 > 学术期刊0-细化专题,Palaeoceanography : nature.com subject feeds,https://www.nature.com/subjects/palaeoceanography.rss?error=cookies_not_supported&code=d8fe12cf-035f-44ee-ba06-42703b4355e3,,rss,,
学术期刊 > 学术期刊0-细化专题,"Proceedings of the National Academy of Sciences: Earth, Atmospheric, and Planetary Sciences",https://www.pnas.org/action/showFeed?type=searchTopic&taxonomyCode=topic&tagCode=earth-sci,,rss,,
学术期刊 > 学术期刊0-细化专题,Physical oceanography : nature.com subject feeds,https://www.nature.com/subjects/physical-oceanography.rss?error=cookies_not_supported&code=af9f2a31-1c84-445e-a8a5-8f1b782e953d,,rss,,
学术期刊 > 学术期刊0-综合大类,AAAS: Science Advances: Table of Contents,https://www.science.org/action/showFeed?type=etoc&feed=rss&jc=sciadv,,rss,,
学术期刊 > 学术期刊0-综合大类,Nature Communications,https://www.nature.com/ncomms.rss?error=cookies_not_supported&code=7af1fe47-fe96-4860-ab8c-2a25eab20d12,,rss,,
学术期刊 > 学术期刊0-综合大类,ScienceDirect Publication: The Innovation,https://rss.sciencedirect.com/publication/science/26666758,,rss,,
学术期刊 > 学术期刊0-综合大类,National Science Review Advance Access,https://academic.oup.com/rss/site_5332/advanceAccess_3198.xml,,rss,,
学术期刊 > 学术期刊0-综合大类,Nature,https://www.nature.com/nature.rss,,rss,,
学术期刊 > 学术期刊0-综合大类,Scientific Reports,https://www.nature.com/srep.rss?error=cookies_not_supported&code=c4028aff-45fa-44cb-b3f6-c3ffd82771ad,,rss,,
学术期刊 > 学术期刊0-综合大类,Proceedings of the National Academy of Sciences: Physical Sciences,https://www.pnas.org/action/showFeed?type=searchTopic&taxonomyCode=topic&tagCode=phys-sci,,rss,,
学术期刊 > 学术期刊0-综合大类,AAAS: Science: Table of Contents,https://www.science.org/action/showFeed?type=etoc&feed=rss&jc=science,,rss,,
学术期刊 > 学术期刊0-综合大类,ScienceDirect Publication: Science Bulletin,https://rss.sciencedirect.com/publication/science/20959273,,rss,,
学术期刊 > 学术期刊0-数据软件类,tandf: Big Earth Data: Table of Contents,https://www.tandfonline.com/feed/rss/tbed20,,rss,,
学术期刊 > 学术期刊0-数据软件类,Journal of Open Source Software,https://joss.theoj.org/papers/published.atom,,rss,,
学术期刊 > 学术期刊0-数据软件类,ScienceDirect Publication: SoftwareX,https://rss.sciencedirect.com/publication/science/23527110,,rss,,
学术期刊 > 学术期刊0-数据软件类,Scientific Data,https://www.nature.com/sdata.rss,,rss,,
学术期刊 > 学术期刊0-数据软件类,Wiley: Geoscience Data Journal: Table of Contents,https://rmets.onlinelibrary.wiley.com/feed/20496060/most-recent,,rss,,
学术期刊 > 学术期刊0-数据软件类,ScienceDirect Publication: Data in Brief,https://rss.sciencedirect.com/publication/science/23523409,,rss,,
学术期刊 > 学术期刊0-数据软件类,ESSD - recent papers,https://essd.copernicus.org/xml/rss2_0.xml,,rss,,
学术期刊 > 学术期刊0-方法类,Nature Methods,https://www.nature.com/nmeth.rss,,rss,,
学术期刊 > 学术期刊0-方法类,Wiley: Journal of Geophysical Research: Machine Learning and Computation: Table of Contents,https://agupubs.onlinelibrary.wiley.com/feed/29935210/most-recent,,rss,,
学术期刊 > 学术期刊1-力学大类,Annual Review of Fluid Mechanics: Most Cited Articles,https://www.annualreviews.org/rss/content/journals/fluid/mostcitedarticles?fmt=rss,,rss,,
学术期刊 > 学术期刊1-力学大类,Journal of Fluid Mechanics,https://www.cambridge.org/core/rss/product/id/1F51BCFAA50101CAF5CB9A20F8DEA3E4,,rss,,
学术期刊 > 学术期刊1-力学大类,Physics of Fluids Current Issue,https://pubs.aip.org/rss/site_1000037/1000021.xml,,rss,,
学术期刊 > 学术期刊1-力学大类,Latest Results,https://link.springer.com/search.rss?new-search=true&query=*&content-type=Article&featureFlags.book-accessibility-search=true&sortBy=relevance&search-within=Journal&facet-journal-id=162&error=cookies_not_supported&code=c6ff320b-7973-4a2e-b472-76814a6a9177,,rss,,
学术期刊 > 学术期刊1-力学大类,"PRL: Nonlinear Dynamics, Fluid Dynamics, Classical Optics, etc.",https://feeds.aps.org/rss/tocsec/PRL-NonlinearDynamicsFluidDynamicsClassicalOpticsetc.xml,,rss,,
学术期刊 > 学术期刊1-力学大类,PRE: Classical physics,https://feeds.aps.org/rss/tocsec/PRE-Classicalphysics.xml,,rss,,
学术期刊 > 学术期刊1-力学大类,Recent Articles in Phys. Rev. Fluids,https://feeds.aps.org/rss/recent/prfluids.xml,,rss,,
学术期刊 > 学术期刊1-力学大类,Journal of Applied Mechanics Open Issues,https://asmedigitalcollection.asme.org/rss/site_1000001/LatestOpenIssueArticles_1000001.xml,,rss,,
学术期刊 > 学术期刊1-力学大类,ScienceDirect Publication: Computers & Fluids,https://rss.sciencedirect.com/publication/science/00457930,,rss,,
学术期刊 > 学术期刊1-力学大类,ScienceDirect Publication: International Journal of Heat and Mass Transfer,https://rss.sciencedirect.com/publication/science/00179310,,rss,,
学术期刊 > 学术期刊1-力学大类,Annual Review of Fluid Mechanics: Most Recent Articles,https://www.annualreviews.org/rss/content/journals/fluid/latestarticles?fmt=rss,,rss,,
学术期刊 > 学术期刊1-力学大类,tandf: Geophysical & Astrophysical Fluid Dynamics: Table of Contents,https://www.tandfonline.com/feed/rss/ggaf20,,rss,,
学术期刊 > 学术期刊1-力学大类,力学进展,https://apps.wanfangdata.com.cn/perios/rss/lxjz,,rss,,
学术期刊 > 学术期刊1-力学大类,PRE: Fluid dynamics,https://feeds.aps.org/rss/tocsec/PRE-Fluiddynamics.xml,,rss,,
学术期刊 > 学术期刊1-力学大类,ScienceDirect Publication: Journal of Computational Physics,https://rss.sciencedirect.com/publication/science/00219991,,rss,,
学术期刊 > 学术期刊1-力学大类,力学与实践,https://apps.wanfangdata.com.cn/perios/rss/lxysj,,rss,,
学术期刊 > 学术期刊1-力学大类,力学学报,https://apps.wanfangdata.com.cn/perios/rss/lxxb,,rss,,
学术期刊 > 学术期刊1-地学大类,National Science Review Current Issue,https://academic.oup.com/rss/site_5332/3198.xml,,rss,,
学术期刊 > 学术期刊1-地学大类,Nature Geoscience,https://www.nature.com/ngeo.rss,,rss,,
学术期刊 > 学术期刊1-地学大类,Wiley: AGU Advances: Table of Contents,https://agupubs.onlinelibrary.wiley.com/feed/2576604x/most-recent,,rss,,
学术期刊 > 学术期刊1-地学大类,Wiley: Earth's Future: Table of Contents,https://agupubs.onlinelibrary.wiley.com/feed/23284277/most-recent,,rss,,
学术期刊 > 学术期刊1-地学大类,Wiley: Geophysical Research Letters: Table of Contents,https://agupubs.onlinelibrary.wiley.com/action/showFeed?jc=19448007&type=etoc&feed=rss%20Table%20of%20Contents%20for%20Geophysical%20Research%20Letters.%20List%20of%20articles%20from%20both%20the%20latest%20and%20EarlyView%20issues.%20%20Geophysical%20Research%20Letters%20%20%F0%9F%93%93%E5%AD%A6%E6%9C%AF%E6%9C%9F%E5%88%8A-%E5%9C%B0%E5%AD%A6%E5%A4%A7%E7%B1%BB&%E5%9C%B0%E7%90%83%E7%89%A9%E7%90%86%20%20%20https://agupubs.onlinelibrary.wiley.com/action/showFeed?jc=19448007&type=etoc&feed=rss,,rss,,
学术期刊 > 学术期刊1-地学大类,Nature Reviews Earth & Environment,https://www.nature.com/natrevearthenviron.rss,,rss,,
学术期刊 > 学术期刊1-地学大类,Wiley: Reviews of Geophysics: Table of Contents,https://agupubs.onlinelibrary.wiley.com/feed/19449208/most-recent,,rss,,
学术期刊 > 学术期刊2-数值计算类,GMD - recent papers,https://gmd.copernicus.org/xml/rss2_0.xml,,rss,,
学术期刊 > 学术期刊2-数值计算类,"Academic Press Professional, Inc.: Journal of Computational Physics: Table of Contents",https://dl.acm.org/action/showFeed?type=etoc&feed=rss&jc=jocp,,rss,,
学术期刊 > 学术期刊2-数值计算类,Wiley: Journal of Advances in Modeling Earth Systems: Table of Contents,https://agupubs.onlinelibrary.wiley.com/feed/19422466/most-recent,,rss,,
学术期刊 > 学术期刊2-数值计算类,ScienceDirect Publication: Ocean Modelling,https://rss.sciencedirect.com/publication/science/14635003,,rss,,
学术期刊 > 学术期刊1-统计学类,Annual Review of Statistics and Its Application: Most Recent Articles,https://www.annualreviews.org/rss/content/journals/statistics/latestarticles?fmt=rss,,rss,,
学术期刊 > 学术期刊2-气候学,Atmospheric science : nature.com subject feeds,https://www.nature.com/subjects/atmospheric-science.rss?error=cookies_not_supported&code=4b66967b-526b-48e0-aea6-cbec2161b208,,rss,,
学术期刊 > 学术期刊2-气候学,ADVANCES IN ATMOSPHERIC SCIENCES,https://www.iapjournals.ac.cn/aas/rss/current.xml,,rss,,
学术期刊 > 学术期刊2-气候学,Climate change : nature.com subject feeds,https://www.nature.com/subjects/climate-change.rss?error=cookies_not_supported&code=1403513f-7bd8-4d8f-bf3a-0ba4d1d83db9,,rss,,
学术期刊 > 学术期刊2-气候学,Bulletin of the American Meteorological Society,https://journals.ametsoc.org/journalissuetocrss/journals/bams/bams-overview.xml,,rss,,
学术期刊 > 学术期刊2-气候学,Wiley: International Journal of Climatology: Table of Contents,https://rmets.onlinelibrary.wiley.com/feed/10970088/most-recent,,rss,,
学术期刊 > 学术期刊2-气候学,Latest Results,https://link.springer.com/search.rss?new-search=true&query=*&content-type=Article&sortBy=relevance&search-within=Journal&facet-journal-id=382&error=cookies_not_supported&code=9169db4a-1233-4b02-aa8c-5b3d5b21089f,,rss,,
学术期刊 > 学术期刊2-气候学,Nature Climate Change,https://www.nature.com/nclimate.rss,,rss,,
学术期刊 > 学术期刊2-气候学,npj Climate and Atmospheric Science,https://www.nature.com/npjclimatsci.rss?error=cookies_not_supported&code=f30f0465-fa45-4b70-a402-48e86e492538,,rss,,
学术期刊 > 学术期刊2-气候学,Journal of Climate,https://journals.ametsoc.org/journalissuetocrss/journals/clim/clim-overview.xml,,rss,,
学术期刊 > 学术期刊2-气候学,ASCMO - recent articles,https://ascmo.copernicus.org/xml/rss2_0.xml,,rss,,
学术期刊 > 学术期刊2-气候学,热带气象学报,https://rdqxxb.itmm.org.cn/rss/current.xml,,rss,,
学术期刊 > 学术期刊2-气候学,ScienceDirect Publication: Weather and Climate Extremes,https://rss.sciencedirect.com/publication/science/22120947,,rss,,
学术期刊 > 学术期刊2-气候学,Wiley: Atmospheric Science Letters: Table of Contents,https://rmets.onlinelibrary.wiley.com/feed/1530261x/most-recent,,rss,,
学术期刊 > 学术期刊2-气候学,Environmental Research: Climate - latest papers,https://iopscience.iop.org/journal/rss/2752-5295,,rss,,
学术期刊 > 学术期刊2-气候学,tandf: Atmosphere-Ocean: Table of Contents,https://www.tandfonline.com/feed/rss/tato20,,rss,,
学术期刊 > 学术期刊1-环境类,ScienceDirect Publication: Science of The Total Environment,https://rss.sciencedirect.com/publication/science/00489697,,rss,,
学术期刊 > 学术期刊2-海洋学,American Association for the Advancement of Science: Ocean-Land-Atmosphere Research: Table of Contents,https://spj.science.org/action/showFeed?type=etoc&feed=rss&jc=olar,,rss,,
学术期刊 > 学术期刊2-海洋学,ScienceDirect Publication: Deep Sea Research Part II: Topical Studies in Oceanography,https://rss.sciencedirect.com/publication/science/09670645,,rss,,
学术期刊 > 学术期刊2-海洋学,Annual Review of Marine Science: Most Recent Articles,https://www.annualreviews.org/rss/content/journals/marine/latestarticles?fmt=rss,,rss,,
学术期刊 > 学术期刊2-海洋学,ScienceDirect Publication: Deep Sea Research Part I: Oceanographic Research Papers,https://rss.sciencedirect.com/publication/science/09670637,,rss,,
学术期刊 > 学术期刊2-海洋学,ScienceDirect Publication: Dynamics of Atmospheres and Oceans,https://rss.sciencedirect.com/publication/science/03770265,,rss,,
学术期刊 > 学术期刊2-海洋学,Frontiers in Marine Science | New and Recent Articles,https://www.frontiersin.org/journals/marine-science/rss,,rss,,
学术期刊 > 学术期刊2-海洋学,ScienceDirect Publication: Journal of Sea Research,https://rss.sciencedirect.com/publication/science/13851101,,rss,,
学术期刊 > 学术期刊2-海洋学,ScienceDirect Publication: Journal of Marine Systems,https://rss.sciencedirect.com/publication/science/09247963,,rss,,
学术期刊 > 学术期刊2-海洋学,Journal of Physical Oceanography,https://journals.ametsoc.org/journalissuetocrss/journals/phoc/phoc-overview.xml,,rss,,
学术期刊 > 学术期刊2-海洋学,ScienceDirect Publication: Ocean Engineering,https://rss.sciencedirect.com/publication/science/00298018,,rss,,
学术期刊 > 学术期刊2-海洋学,OS - recent papers,https://os.copernicus.org/xml/rss2_0.xml,,rss,,
学术期刊 > 学术期刊2-海洋学,ScienceDirect Publication: Progress in Oceanography,https://rss.sciencedirect.com/publication/science/00796611,,rss,,
学术期刊 > 学术期刊2-海洋学,Wiley-Online-Library: Keyword search for query,https://agupubs.onlinelibrary.wiley.com/action/showFeed?ui=0&mi=5eaj7wl&type=search&feed=rss&query=%2526ConceptID%253D103716%2526content%253DarticlesChapters%2526target%253Dtopic-results,,rss,,
学术期刊 > 学术期刊2-海洋学,tandf: Journal of Operational Oceanography: Table of Contents,https://www.tandfonline.com/feed/rss/tjoo20,,rss,,
学术期刊 > 学术期刊2-海洋学,Latest Results,https://link.springer.com/search.rss?new-search=true&query=*&content-type=Article&sortBy=relevance&search-within=Journal&facet-journal-id=10236&error=cookies_not_supported&code=29af1f69-2dbb-4177-9965-5aa6de06a81a,,rss,,
学术期刊 > 学术期刊2-海洋学,tandf: Tellus A: Dynamic Meteorology and Oceanography: Table of Contents,https://www.tandfonline.com/feed/rss/zela20,,rss,,
学术期刊 > 学术期刊2-海洋学,Wiley: Journal of Geophysical Research: Oceans: Table of Contents,https://agupubs.onlinelibrary.wiley.com/action/showFeed?jc=21699291&type=etoc&feed=rss,,rss,,
学术期刊 > 学术期刊2-海洋学（中文）,海岸工程,https://apps.wanfangdata.com.cn/perios/rss/hagc,,rss,,
学术期刊 > 学术期刊2-海洋学（中文）,海洋与湖沼,https://apps.wanfangdata.com.cn/perios/rss/hyyhz,,rss,,
学术期刊 > 学术期刊2-海洋学（中文）,海洋学研究,https://apps.wanfangdata.com.cn/perios/rss/dhhy,,rss,,
学术期刊 > 学术期刊2-海洋学（中文）,海洋学报（中文版）,https://apps.wanfangdata.com.cn/perios/rss/hyxb,,rss,,
学术期刊 > 学术期刊2-海洋学（中文）,海洋气象学报,https://apps.wanfangdata.com.cn/perios/rss/sdqx,,rss,,
学术期刊 > 学术期刊2-海洋学（中文）,海洋科学进展,https://apps.wanfangdata.com.cn/perios/rss/hbhhy,,rss,,
学术期刊 > 学术期刊2-海洋学（中文）,海洋科学,https://apps.wanfangdata.com.cn/perios/rss/hykx,,rss,,
学术期刊 > 学术期刊2-海洋学（中文）,海洋预报,https://apps.wanfangdata.com.cn/perios/rss/hyyb,,rss,,
学术期刊 > 学术期刊2-海洋学（中文）,海洋环境科学,https://apps.wanfangdata.com.cn/perios/rss/hyhjkx,,rss,,
学术期刊 > 学术期刊2-海洋学（中文）,海洋通报,https://apps.wanfangdata.com.cn/perios/rss/hytb,,rss,,
学术期刊 > 学术期刊2-海洋学（中文）,海洋技术学报,https://apps.wanfangdata.com.cn/perios/rss/hyjs,,rss,,
学术期刊 > 学术期刊2-遥感,IEEE Transactions on Geoscience and Remote Sensing - new TOC,https://ieeexplore.ieee.org/rss/TOC36.XML,,rss,,
学术期刊 > 学术期刊2-遥感,Remote Sensing,https://www.mdpi.com/rss/journal/remotesensing,,rss,,
学术期刊 > 学术期刊2-遥感,ScienceDirect Publication: ISPRS Journal of Photogrammetry and Remote Sensing,https://rss.sciencedirect.com/publication/science/09242716,,rss,,
学术期刊 > 学术期刊2-遥感,ScienceDirect Publication: Remote Sensing of Environment,https://rss.sciencedirect.com/publication/science/00344257,,rss,,
行业资讯 > 综合信息,科学网新闻RSS——首页头条,https://www.sciencenet.cn/xml/news-0.aspx?news=0,,rss,,
行业资讯 > 综合信息,中国科技信息,https://apps.wanfangdata.com.cn/perios/rss/zgkjxx,,rss,,
行业资讯 > 综合信息,Google Scholar Blog,http://feeds.feedburner.com/GoogleScholarBlog,,rss,,
行业资讯 > 综合信息,ORCID,https://info.orcid.org/feed/,,rss,,
行业资讯 > 基金,NSF Program Announcements and Information,https://www.nsf.gov/rss/rss_www_funding_pgm_annc_inf.xml,,rss,,
行业资讯 > 基金,国家自然科学基金委员会,https://raw.githubusercontent.com/osnsyc/Wechat-Scholar/main/channels/gh_c1f2e5989666.xml,,rss,,
行业资讯 > 基金,DFG | Informationen für die Wissenschaft,https://www.dfg.de/service/rss/de/323556/feed.rss,,rss,,
行业资讯 > 实体机构,Marine: News,https://marine.copernicus.eu/news/rss.xml,,rss,,
行业资讯 > 实体机构,Woods Hole Oceanographic Institution,https://www.whoi.edu/feed/,,rss,,
行业资讯 > 实体机构,PO.DAAC,https://podaac.jpl.nasa.gov/rss.xml,,rss,,
行业资讯 > 实体机构,AVISO: Rss Feeds,https://www.aviso.altimetry.fr/index.php?id=325&type=100,,rss,,
行业资讯 > 实体机构,National Oceanography Centre – Latest News,https://noc.ac.uk/news/latest_news.xml,,rss,,
行业资讯 > 学会协会,News – Mathematical Association of America,https://maa.org/news/feed/,,rss,,
行业资讯 > 国际协作,IPCC,https://www.ipcc.ch/feed/,,rss,,
行业资讯 > 国际协作,WCRP Climate News,https://feeds.feedburner.com/WCRP-Climate-News,,rss,,
行业资讯 > 学术-自媒体,青塔,https://raw.githubusercontent.com/osnsyc/Wechat-Scholar/main/channels/gh_9eaf123d0c6f.xml,,rss,,
行业资讯 > 学术-自媒体,智慧海洋产学研交流,https://raw.githubusercontent.com/osnsyc/Wechat-Scholar/main/channels/gh_92ea03075875.xml,,rss,,
行业资讯 > 学术-自媒体,溪流之海洋人生,https://raw.githubusercontent.com/osnsyc/Wechat-Scholar/main/channels/gh_83e50f392f01.xml,,rss,,
行业资讯 > 学术-自媒体,海洋知圈,https://raw.githubusercontent.com/osnsyc/Wechat-Scholar/main/channels/gh_9b0474b2d051.xml,,rss,,
行业资讯 > 学术-自媒体,青柠学术,https://we-mp-rss.oceanographer.eu.org/feed/MP_WXS_3017820841.rss,,rss,,
行业资讯 > 学术-自媒体,简谱学记,https://we-mp-rss.oceanographer.eu.org/feed/MP_WXS_3513886464.rss,,rss,,
行业资讯 > 学术-自媒体,CFD界,https://raw.githubusercontent.com/osnsyc/Wechat-Scholar/main/channels/gh_d4ba208ffa0b.xml,,rss,,
行业资讯 > 学术-自媒体,知识分子,https://raw.githubusercontent.com/osnsyc/Wechat-Scholar/main/channels/gh_d21f67d094a5.xml,,rss,,
行业资讯 > 学术交流,Latest meeting submissions,https://www.egu.eu/meetings/rss/,,rss,,
行业资讯 > 学术交流,Webinars in the field of (Physical) Oceanography | Contact github.com／chouj ／ Raindrop.io,https://bg.raindrop.io/rss/public/15230711,,rss,,
新闻-中国,36氪,https://36kr.com/feed,,rss,,
新闻-中国,人民日报,https://plink.anyfeeder.com/people-daily,,rss,,
权术期刊-政治,求是,https://apps.wanfangdata.com.cn/perios/rss/qius,,rss,,
英语学习 > 英语学习-外刊,Business,https://www.economist.com/business/rss.xml,,rss,,
英语学习 > 英语学习-外刊,Finance & economics,https://www.economist.com/finance-and-economics/rss.xml,,rss,,
英语学习 > 英语学习-外刊,Graphic detail,https://www.economist.com/graphic-detail/rss.xml,,rss,,
英语学习 > 英语学习-外刊,International,https://www.economist.com/international/rss.xml,,rss,,
英语学习 > 英语学习-外刊,Leaders,https://www.economist.com/leaders/rss.xml,,rss,,
英语学习 > 英语学习-外刊,Science & technology,https://www.economist.com/science-and-technology/rss.xml,,rss,,
英语学习 > 英语学习-外刊,China Daily  > Opinion,https://europe.chinadaily.com.cn/opinion_rss.xml,,rss,,
英语学习 > 英语学习-外刊,Harvard Business Review,https://feedx.net/rss/hbr.xml,,rss,,
英语学习 > 英语学习-外刊,IEEE Spectrum,https://spectrum.ieee.org/feeds/feed.rss,,rss,,
英语学习 > 英语学习-外刊,MIT Technology Review,https://www.technologyreview.com/feed/,,rss,,
英语学习 > 英语学习-外刊,New Scientist,https://www.newscientist.com/feed/home/?cmpid=RSS%7CNSNS-Home,,rss,,
英语学习 > 英语学习-外刊,Science News,https://www.sciencenews.org/feed,,rss,,
英语学习 > 英语学习-外刊,ScienceBlogs - Where the world discusses science,https://scienceblogs.com/rss.xml,,rss,,
英语学习 > 英语学习-外刊,Scientific American Content: Global,http://rss.sciam.com/ScientificAmerican-Global,,rss,,
英语学习,Our World in Data,https://ourworldindata.org/atom.xml,,rss,,
英语学习,FreeMdict Forum - 使用雅思标记的话题,https://forum.freemdict.com/tag/%E9%9B%85%E6%80%9D.rss,,rss,,
英语学习,The Antimoon Blog,https://www.antimoon.com/blog/feed/,,rss,,
英语学习,FreeMdict Forum - cmm 的最新帖子,https://forum.freemdict.com/u/cmm/activity.rss,,rss,,
政府机构,中华人民共和国国务院公报-CNKI,"https://rss.cnki.net/knavi/rss/GWYB?pcode=CJFD,CCJD",,rss,,
政府机构,江苏省人民政府公报-CNKI,"https://rss.cnki.net/knavi/rss/JSZB?pcode=CJFD,CCJD",,rss,,
政府机构,中华人民共和国教育部公报-CNKI,"https://rss.cnki.net/knavi/rss/GJBG?pcode=CJFD,CCJD",,rss,,
政府机构,中华人民共和国全国人民代表大会常务委员会公报-CNKI,"https://rss.cnki.net/knavi/rss/CWGB?pcode=CJFD,CCJD",,rss,,
政府机构,数据发布,https://www.stats.gov.cn/sj/zxfb/rss.xml,,rss,,
政府机构,数据解读,https://www.stats.gov.cn/sj/sjjd/rss.xml,,rss,,
政府机构,司法部 - 立法意见征集,https://quanwenrss.com/gov/moj/lifayijianzhengji,,rss,,
博客,老苏的blog,https://laosu.tech/atom.xml,,rss,,
博客,抽筋儿的话语权,https://chouj.github.io/index.xml,,rss,,
博客,德普王,https://depp.wang/rss2.xml,,rss,,
博客,焕昭君的博客,https://blog.huan666.de/index.xml,,rss,,
博客,老宁的博客,https://blog.synocircle.top/feed,,rss,,
博客,凉糕,https://osnsyc.top/index.xml,,rss,,
博客,用户  RSS,https://blog.sciencenet.cn/rss.php?uid=611158,,rss,,
博客,小姜同学的博客,https://brian-jiangz.github.io/atom.xml,,rss,,
博客,用户 WuchangZhang RSS,https://blog.sciencenet.cn/rss.php?uid=39359,,rss,,
博客,粥里有勺糖,https://sugarat.top/feed.rss,,rss,,
博客,Achuan-2,https://www.achuan-2.top/atom.xml,,rss,,
博客,Code and more on theOceanCode,https://theoceancode.netlify.app/blog/index.xml,,rss,,
博客,EdNovas的小站,https://ednovas.xyz/atom.xml,,rss,,
博客,Jimmy Song – 博客,https://jimmysong.io/zh/blog/index.xml,,rss,,
博客,Kerry的学习笔记,https://kerrynotes.com/feed/,,rss,,
博客,Kevin Hu胡华平,https://kevinhhp.netlify.app/posts.xml,,rss,,
博客,LINUX DO - jkun 的最新话题,https://linux.do/u/jkun/activity/topics.rss,,rss,,
博客,lvbibir's Blog,https://www.lvbibir.cn/index.xml,,rss,,
博客,Oceanology notes,https://blog.chum-bucket.site/rss.xml,,rss,,
博客,Ran Xue,https://ranx79.github.io//atom.xml,,rss,,
博客,RQL's Blog,https://renqlsysu.github.io/feed.xml,,rss,,
博客,Skywind Inside,https://skywind.me/blog/feed,,rss,,
博客,Viking,https://vikingz.me/rss.xml,,rss,,
博客,Zettelkasten.de,https://zettelkasten.de/feed.atom,,rss,,
博客,红枫吟,https://honmaple.me/atom.xml,,rss,,
技术资讯 > 技术软件,发现频道 - 小众软件官方论坛,https://meta.appinn.net/c/faxian/10.rss,,rss,,
技术资讯 > 技术软件,开源空间,https://opensource.zone/rss/alternatives.xml,,rss,,
技术资讯 > 技术软件,蓝点网,https://www.landiannews.com/feed,,rss,,
技术资讯 > 技术软件,链滴,https://ld246.com/rss/recent.xml,,rss,,
技术资讯 > 技术软件,如有乐享,http://51.ruyo.net/feed,,rss,,
技术资讯 > 技术软件,软件天地(Software)版 - 最新文章,https://bbs.pku.edu.cn/v2/rss.php?bid=181,,rss,,
技术资讯 > 技术软件,数学工具(MathTools)版 - 最新文章,https://bbs.pku.edu.cn/v2/rss.php?bid=346,,rss,,
技术资讯 > 技术软件,小众软件,https://www.appinn.com/feed/,,rss,,
技术资讯 > 技术软件,小众软件官方论坛 - 使用rss标记的话题,https://meta.appinn.net/tag/rss/105.rss,,rss,,
技术资讯 > 技术软件,异次元软件世界,https://feed.iplaysoft.com/,,rss,,
技术资讯 > 技术软件,优秀的Free OS(Linux)版 - 最新文章,https://bbs.pku.edu.cn/v2/rss.php?bid=13,,rss,,
技术资讯 > 技术软件,云坤系统软件-中国科技云,https://yunkun.cstcloud.cn/feed/,,rss,,
技术资讯 > 技术软件,Blog on Posit Open Source,https://quarto.org/docs/blog/index.xml,,rss,,
技术资讯 > 技术软件,iOS - 反斗限免,https://free.apprcn.com/category/ios/feed/,,rss,,
技术资讯 > 技术软件,Mac - 反斗限免,https://free.apprcn.com/category/mac/feed/,,rss,,
技术资讯 > 技术软件,Mac玩儿法 | Mac软件推荐 | Mac软件评测 | Mac软件下载,https://www.waerfa.com/feed,,rss,,
技术资讯 > 技术软件,OSCHINA 社区最新软件,https://www.oschina.net/project/rss,,rss,,
技术资讯 > 技术软件,"Publii - free open-source static CMS for fast, secure websites",https://getpublii.com/feed.xml,,rss,,
技术资讯 > 技术软件,Quick RSS 技术资源分享,https://wangchujiang.com/quick-rss/feed.xml,,rss,,
技术资讯 > 技术软件,selfh.st,https://selfh.st/rss/,,rss,,
技术资讯 > 技术软件,Synology News,https://www.synology.cn/api/rssfeed/news/zh-cn,,rss,,
技术资讯 > 技术软件,Visual Studio Code - Code Editing. Redefined.,https://vscode.js.cn/feed.xml,,rss,,
技术资讯 > 技术软件,wallabag,https://wallabag.org/feed.xml,,rss,,
技术资讯 > 技术软件,Zotero,http://feeds.feedburner.com/zotero/,,rss,,
技术资讯,阮一峰的网络日志,https://www.ruanyifeng.com/blog/atom.xml,,rss,,
技术资讯,存储在线-存储专业媒体,https://www.dostor.com/feed,,rss,,
技术资讯,少数派,https://sspai.com/feed,,rss,,
技术资讯,网络技术(Networking)版 - 最新文章,https://bbs.pku.edu.cn/v2/rss.php?bid=35,,rss,,
技术资讯,云计算,https://www.v2ex.com/feed/cloud.xml,,rss,,
技术资讯,AI论文简报,https://ai-brief.liziran.com/zh/feed.xml,,rss,,
技术资讯,Cleve’s Corner: Cleve Moler on Mathematics and Computing,https://feeds.feedburner.com/mathworks/moler,,rss,,
技术资讯,Pick of the Week,https://feeds.feedburner.com/mathworks/pick,,rss,,
技术资讯,RSS,https://www.v2ex.com/feed/rss.xml,,rss,,
技术资讯,Student Lounge,https://feeds.feedburner.com/mathworks/StudentLounge,,rss,,
技术资讯,阿里云公告,https://www.aliyun.com/rss/notice/zh.xml,,rss,,
科普,标志情报局,https://www.logonews.cn/feed,,rss,,
科普,力学科普,https://raw.githubusercontent.com/osnsyc/Wechat-Scholar/main/channels/gh_ff7c8476b324.xml,,rss,,
科普,JSTOR Daily,http://daily.jstor.org/feed/,,rss,,
科普,MIT 科技评论 - 本周热榜,https://plink.anyfeeder.com/mittrchina/hot,,rss,,
,Instapaper: Starred,https://www.instapaper.com/starred/rss/8161260/aH2ai4sC4c17oukpbWwFT30w3kE,,rss,,
,Instapaper: Unread,https://www.instapaper.com/rss/8161260/QGFSH3jN0VDolNovmRYRuRaMsc,,rss,,